,uuid,symbol,name,color,iconUrl,marketCap,price,listedAt,tier,change,rank,sparkline,lowVolume,coinrankingUrl,24hVolume,btcPrice
0,Qwsogvtv82FCd,BTC,Bitcoin,#f7931A,https://cdn.coinranking.com/bOabBYkcX/bitcoin_btc.svg,7.80732E+11,41067.93004,1330214400,1,2.54,1,40051.2497,FALSE,https://coinranking.com/coin/Qwsogvtv82FCd+bitcoin-btc,28468005952,1
1,Qwsogvtv82FCd,BTC,Bitcoin,#f7931A,https://cdn.coinranking.com/bOabBYkcX/bitcoin_btc.svg,7.80732E+11,41067.93004,1330214400,1,2.54,1,39776.80033,FALSE,https://coinranking.com/coin/Qwsogvtv82FCd+bitcoin-btc,28468005952,1
2,Qwsogvtv82FCd,BTC,Bitcoin,#f7931A,https://cdn.coinranking.com/bOabBYkcX/bitcoin_btc.svg,7.80732E+11,41067.93004,1330214400,1,2.54,1,39546.36035,FALSE,https://coinranking.com/coin/Qwsogvtv82FCd+bitcoin-btc,28468005952,1
3,Qwsogvtv82FCd,BTC,Bitcoin,#f7931A,https://cdn.coinranking.com/bOabBYkcX/bitcoin_btc.svg,7.80732E+11,41067.93004,1330214400,1,2.54,1,39582.82765,FALSE,https://coinranking.com/coin/Qwsogvtv82FCd+bitcoin-btc,28468005952,1
4,Qwsogvtv82FCd,BTC,Bitcoin,#f7931A,https://cdn.coinranking.com/bOabBYkcX/bitcoin_btc.svg,7.80732E+11,41067.93004,1330214400,1,2.54,1,39760.05781,FALSE,https://coinranking.com/coin/Qwsogvtv82FCd+bitcoin-btc,28468005952,1
5,Qwsogvtv82FCd,BTC,Bitcoin,#f7931A,https://cdn.coinranking.com/bOabBYkcX/bitcoin_btc.svg,7.80732E+11,41067.93004,1330214400,1,2.54,1,39750.25561,FALSE,https://coinranking.com/coin/Qwsogvtv82FCd+bitcoin-btc,28468005952,1
6,Qwsogvtv82FCd,BTC,Bitcoin,#f7931A,https://cdn.coinranking.com/bOabBYkcX/bitcoin_btc.svg,7.80732E+11,41067.93004,1330214400,1,2.54,1,40063.32924,FALSE,https://coinranking.com/coin/Qwsogvtv82FCd+bitcoin-btc,28468005952,1
7,Qwsogvtv82FCd,BTC,Bitcoin,#f7931A,https://cdn.coinranking.com/bOabBYkcX/bitcoin_btc.svg,7.80732E+11,41067.93004,1330214400,1,2.54,1,40123.50788,FALSE,https://coinranking.com/coin/Qwsogvtv82FCd+bitcoin-btc,28468005952,1
8,Qwsogvtv82FCd,BTC,Bitcoin,#f7931A,https://cdn.coinranking.com/bOabBYkcX/bitcoin_btc.svg,7.80732E+11,41067.93004,1330214400,1,2.54,1,39836.84604,FALSE,https://coinranking.com/coin/Qwsogvtv82FCd+bitcoin-btc,28468005952,1
9,Qwsogvtv82FCd,BTC,Bitcoin,#f7931A,https://cdn.coinranking.com/bOabBYkcX/bitcoin_btc.svg,7.80732E+11,41067.93004,1330214400,1,2.54,1,39949.83516,FALSE,https://coinranking.com/coin/Qwsogvtv82FCd+bitcoin-btc,28468005952,1
10,Qwsogvtv82FCd,BTC,Bitcoin,#f7931A,https://cdn.coinranking.com/bOabBYkcX/bitcoin_btc.svg,7.80732E+11,41067.93004,1330214400,1,2.54,1,40170.71214,FALSE,https://coinranking.com/coin/Qwsogvtv82FCd+bitcoin-btc,28468005952,1
11,Qwsogvtv82FCd,BTC,Bitcoin,#f7931A,https://cdn.coinranking.com/bOabBYkcX/bitcoin_btc.svg,7.80732E+11,41067.93004,1330214400,1,2.54,1,40066.58288,FALSE,https://coinranking.com/coin/Qwsogvtv82FCd+bitcoin-btc,28468005952,1
12,Qwsogvtv82FCd,BTC,Bitcoin,#f7931A,https://cdn.coinranking.com/bOabBYkcX/bitcoin_btc.svg,7.80732E+11,41067.93004,1330214400,1,2.54,1,40147.35994,FALSE,https://coinranking.com/coin/Qwsogvtv82FCd+bitcoin-btc,28468005952,1
13,Qwsogvtv82FCd,BTC,Bitcoin,#f7931A,https://cdn.coinranking.com/bOabBYkcX/bitcoin_btc.svg,7.80732E+11,41067.93004,1330214400,1,2.54,1,40164.63698,FALSE,https://coinranking.com/coin/Qwsogvtv82FCd+bitcoin-btc,28468005952,1
14,Qwsogvtv82FCd,BTC,Bitcoin,#f7931A,https://cdn.coinranking.com/bOabBYkcX/bitcoin_btc.svg,7.80732E+11,41067.93004,1330214400,1,2.54,1,40093.10183,FALSE,https://coinranking.com/coin/Qwsogvtv82FCd+bitcoin-btc,28468005952,1
15,Qwsogvtv82FCd,BTC,Bitcoin,#f7931A,https://cdn.coinranking.com/bOabBYkcX/bitcoin_btc.svg,7.80732E+11,41067.93004,1330214400,1,2.54,1,40156.87785,FALSE,https://coinranking.com/coin/Qwsogvtv82FCd+bitcoin-btc,28468005952,1
16,Qwsogvtv82FCd,BTC,Bitcoin,#f7931A,https://cdn.coinranking.com/bOabBYkcX/bitcoin_btc.svg,7.80732E+11,41067.93004,1330214400,1,2.54,1,40172.60085,FALSE,https://coinranking.com/coin/Qwsogvtv82FCd+bitcoin-btc,28468005952,1
17,Qwsogvtv82FCd,BTC,Bitcoin,#f7931A,https://cdn.coinranking.com/bOabBYkcX/bitcoin_btc.svg,7.80732E+11,41067.93004,1330214400,1,2.54,1,40083.52365,FALSE,https://coinranking.com/coin/Qwsogvtv82FCd+bitcoin-btc,28468005952,1
18,Qwsogvtv82FCd,BTC,Bitcoin,#f7931A,https://cdn.coinranking.com/bOabBYkcX/bitcoin_btc.svg,7.80732E+11,41067.93004,1330214400,1,2.54,1,39937.39943,FALSE,https://coinranking.com/coin/Qwsogvtv82FCd+bitcoin-btc,28468005952,1
19,Qwsogvtv82FCd,BTC,Bitcoin,#f7931A,https://cdn.coinranking.com/bOabBYkcX/bitcoin_btc.svg,7.80732E+11,41067.93004,1330214400,1,2.54,1,39977.9048,FALSE,https://coinranking.com/coin/Qwsogvtv82FCd+bitcoin-btc,28468005952,1
20,Qwsogvtv82FCd,BTC,Bitcoin,#f7931A,https://cdn.coinranking.com/bOabBYkcX/bitcoin_btc.svg,7.80732E+11,41067.93004,1330214400,1,2.54,1,39792.78431,FALSE,https://coinranking.com/coin/Qwsogvtv82FCd+bitcoin-btc,28468005952,1
21,Qwsogvtv82FCd,BTC,Bitcoin,#f7931A,https://cdn.coinranking.com/bOabBYkcX/bitcoin_btc.svg,7.80732E+11,41067.93004,1330214400,1,2.54,1,40472.36692,FALSE,https://coinranking.com/coin/Qwsogvtv82FCd+bitcoin-btc,28468005952,1
22,Qwsogvtv82FCd,BTC,Bitcoin,#f7931A,https://cdn.coinranking.com/bOabBYkcX/bitcoin_btc.svg,7.80732E+11,41067.93004,1330214400,1,2.54,1,40713.88142,FALSE,https://coinranking.com/coin/Qwsogvtv82FCd+bitcoin-btc,28468005952,1
23,Qwsogvtv82FCd,BTC,Bitcoin,#f7931A,https://cdn.coinranking.com/bOabBYkcX/bitcoin_btc.svg,7.80732E+11,41067.93004,1330214400,1,2.54,1,41166.47061,FALSE,https://coinranking.com/coin/Qwsogvtv82FCd+bitcoin-btc,28468005952,1
24,Qwsogvtv82FCd,BTC,Bitcoin,#f7931A,https://cdn.coinranking.com/bOabBYkcX/bitcoin_btc.svg,7.80732E+11,41067.93004,1330214400,1,2.54,1,41119.93544,FALSE,https://coinranking.com/coin/Qwsogvtv82FCd+bitcoin-btc,28468005952,1
25,Qwsogvtv82FCd,BTC,Bitcoin,#f7931A,https://cdn.coinranking.com/bOabBYkcX/bitcoin_btc.svg,7.80732E+11,41067.93004,1330214400,1,2.54,1,41012.46931,FALSE,https://coinranking.com/coin/Qwsogvtv82FCd+bitcoin-btc,28468005952,1
26,Qwsogvtv82FCd,BTC,Bitcoin,#f7931A,https://cdn.coinranking.com/bOabBYkcX/bitcoin_btc.svg,7.80732E+11,41067.93004,1330214400,1,2.54,1,41067.93004,FALSE,https://coinranking.com/coin/Qwsogvtv82FCd+bitcoin-btc,28468005952,1
27,razxDUgYGNAdQ,ETH,Ethereum,#3C3C3D,https://cdn.coinranking.com/rk4RKHOuW/eth.svg,3.70561E+11,3088.299491,1438905600,1,1.71,2,3036.485799,FALSE,https://coinranking.com/coin/razxDUgYGNAdQ+ethereum-eth,16669227543,0.075199785
28,razxDUgYGNAdQ,ETH,Ethereum,#3C3C3D,https://cdn.coinranking.com/rk4RKHOuW/eth.svg,3.70561E+11,3088.299491,1438905600,1,1.71,2,3013.487044,FALSE,https://coinranking.com/coin/razxDUgYGNAdQ+ethereum-eth,16669227543,0.075199785
29,razxDUgYGNAdQ,ETH,Ethereum,#3C3C3D,https://cdn.coinranking.com/rk4RKHOuW/eth.svg,3.70561E+11,3088.299491,1438905600,1,1.71,2,2991.951966,FALSE,https://coinranking.com/coin/razxDUgYGNAdQ+ethereum-eth,16669227543,0.075199785
30,razxDUgYGNAdQ,ETH,Ethereum,#3C3C3D,https://cdn.coinranking.com/rk4RKHOuW/eth.svg,3.70561E+11,3088.299491,1438905600,1,1.71,2,2991.581379,FALSE,https://coinranking.com/coin/razxDUgYGNAdQ+ethereum-eth,16669227543,0.075199785
31,razxDUgYGNAdQ,ETH,Ethereum,#3C3C3D,https://cdn.coinranking.com/rk4RKHOuW/eth.svg,3.70561E+11,3088.299491,1438905600,1,1.71,2,3005.135608,FALSE,https://coinranking.com/coin/razxDUgYGNAdQ+ethereum-eth,16669227543,0.075199785
32,razxDUgYGNAdQ,ETH,Ethereum,#3C3C3D,https://cdn.coinranking.com/rk4RKHOuW/eth.svg,3.70561E+11,3088.299491,1438905600,1,1.71,2,3010.290418,FALSE,https://coinranking.com/coin/razxDUgYGNAdQ+ethereum-eth,16669227543,0.075199785
33,razxDUgYGNAdQ,ETH,Ethereum,#3C3C3D,https://cdn.coinranking.com/rk4RKHOuW/eth.svg,3.70561E+11,3088.299491,1438905600,1,1.71,2,3027.806405,FALSE,https://coinranking.com/coin/razxDUgYGNAdQ+ethereum-eth,16669227543,0.075199785
34,razxDUgYGNAdQ,ETH,Ethereum,#3C3C3D,https://cdn.coinranking.com/rk4RKHOuW/eth.svg,3.70561E+11,3088.299491,1438905600,1,1.71,2,3038.920473,FALSE,https://coinranking.com/coin/razxDUgYGNAdQ+ethereum-eth,16669227543,0.075199785
35,razxDUgYGNAdQ,ETH,Ethereum,#3C3C3D,https://cdn.coinranking.com/rk4RKHOuW/eth.svg,3.70561E+11,3088.299491,1438905600,1,1.71,2,3025.072933,FALSE,https://coinranking.com/coin/razxDUgYGNAdQ+ethereum-eth,16669227543,0.075199785
36,razxDUgYGNAdQ,ETH,Ethereum,#3C3C3D,https://cdn.coinranking.com/rk4RKHOuW/eth.svg,3.70561E+11,3088.299491,1438905600,1,1.71,2,3036.058081,FALSE,https://coinranking.com/coin/razxDUgYGNAdQ+ethereum-eth,16669227543,0.075199785
37,razxDUgYGNAdQ,ETH,Ethereum,#3C3C3D,https://cdn.coinranking.com/rk4RKHOuW/eth.svg,3.70561E+11,3088.299491,1438905600,1,1.71,2,3056.609743,FALSE,https://coinranking.com/coin/razxDUgYGNAdQ+ethereum-eth,16669227543,0.075199785
38,razxDUgYGNAdQ,ETH,Ethereum,#3C3C3D,https://cdn.coinranking.com/rk4RKHOuW/eth.svg,3.70561E+11,3088.299491,1438905600,1,1.71,2,3050.402259,FALSE,https://coinranking.com/coin/razxDUgYGNAdQ+ethereum-eth,16669227543,0.075199785
39,razxDUgYGNAdQ,ETH,Ethereum,#3C3C3D,https://cdn.coinranking.com/rk4RKHOuW/eth.svg,3.70561E+11,3088.299491,1438905600,1,1.71,2,3059.718146,FALSE,https://coinranking.com/coin/razxDUgYGNAdQ+ethereum-eth,16669227543,0.075199785
40,razxDUgYGNAdQ,ETH,Ethereum,#3C3C3D,https://cdn.coinranking.com/rk4RKHOuW/eth.svg,3.70561E+11,3088.299491,1438905600,1,1.71,2,3062.973956,FALSE,https://coinranking.com/coin/razxDUgYGNAdQ+ethereum-eth,16669227543,0.075199785
41,razxDUgYGNAdQ,ETH,Ethereum,#3C3C3D,https://cdn.coinranking.com/rk4RKHOuW/eth.svg,3.70561E+11,3088.299491,1438905600,1,1.71,2,3055.426636,FALSE,https://coinranking.com/coin/razxDUgYGNAdQ+ethereum-eth,16669227543,0.075199785
42,razxDUgYGNAdQ,ETH,Ethereum,#3C3C3D,https://cdn.coinranking.com/rk4RKHOuW/eth.svg,3.70561E+11,3088.299491,1438905600,1,1.71,2,3056.35148,FALSE,https://coinranking.com/coin/razxDUgYGNAdQ+ethereum-eth,16669227543,0.075199785
43,razxDUgYGNAdQ,ETH,Ethereum,#3C3C3D,https://cdn.coinranking.com/rk4RKHOuW/eth.svg,3.70561E+11,3088.299491,1438905600,1,1.71,2,3058.973103,FALSE,https://coinranking.com/coin/razxDUgYGNAdQ+ethereum-eth,16669227543,0.075199785
44,razxDUgYGNAdQ,ETH,Ethereum,#3C3C3D,https://cdn.coinranking.com/rk4RKHOuW/eth.svg,3.70561E+11,3088.299491,1438905600,1,1.71,2,3052.284723,FALSE,https://coinranking.com/coin/razxDUgYGNAdQ+ethereum-eth,16669227543,0.075199785
45,razxDUgYGNAdQ,ETH,Ethereum,#3C3C3D,https://cdn.coinranking.com/rk4RKHOuW/eth.svg,3.70561E+11,3088.299491,1438905600,1,1.71,2,3041.571959,FALSE,https://coinranking.com/coin/razxDUgYGNAdQ+ethereum-eth,16669227543,0.075199785
46,razxDUgYGNAdQ,ETH,Ethereum,#3C3C3D,https://cdn.coinranking.com/rk4RKHOuW/eth.svg,3.70561E+11,3088.299491,1438905600,1,1.71,2,3032.598655,FALSE,https://coinranking.com/coin/razxDUgYGNAdQ+ethereum-eth,16669227543,0.075199785
47,razxDUgYGNAdQ,ETH,Ethereum,#3C3C3D,https://cdn.coinranking.com/rk4RKHOuW/eth.svg,3.70561E+11,3088.299491,1438905600,1,1.71,2,3016.610557,FALSE,https://coinranking.com/coin/razxDUgYGNAdQ+ethereum-eth,16669227543,0.075199785
48,razxDUgYGNAdQ,ETH,Ethereum,#3C3C3D,https://cdn.coinranking.com/rk4RKHOuW/eth.svg,3.70561E+11,3088.299491,1438905600,1,1.71,2,3058.401776,FALSE,https://coinranking.com/coin/razxDUgYGNAdQ+ethereum-eth,16669227543,0.075199785
49,razxDUgYGNAdQ,ETH,Ethereum,#3C3C3D,https://cdn.coinranking.com/rk4RKHOuW/eth.svg,3.70561E+11,3088.299491,1438905600,1,1.71,2,3080.541462,FALSE,https://coinranking.com/coin/razxDUgYGNAdQ+ethereum-eth,16669227543,0.075199785
50,razxDUgYGNAdQ,ETH,Ethereum,#3C3C3D,https://cdn.coinranking.com/rk4RKHOuW/eth.svg,3.70561E+11,3088.299491,1438905600,1,1.71,2,3101.528904,FALSE,https://coinranking.com/coin/razxDUgYGNAdQ+ethereum-eth,16669227543,0.075199785
51,razxDUgYGNAdQ,ETH,Ethereum,#3C3C3D,https://cdn.coinranking.com/rk4RKHOuW/eth.svg,3.70561E+11,3088.299491,1438905600,1,1.71,2,3095.682805,FALSE,https://coinranking.com/coin/razxDUgYGNAdQ+ethereum-eth,16669227543,0.075199785
52,razxDUgYGNAdQ,ETH,Ethereum,#3C3C3D,https://cdn.coinranking.com/rk4RKHOuW/eth.svg,3.70561E+11,3088.299491,1438905600,1,1.71,2,3081.561264,FALSE,https://coinranking.com/coin/razxDUgYGNAdQ+ethereum-eth,16669227543,0.075199785
53,razxDUgYGNAdQ,ETH,Ethereum,#3C3C3D,https://cdn.coinranking.com/rk4RKHOuW/eth.svg,3.70561E+11,3088.299491,1438905600,1,1.71,2,3088.299491,FALSE,https://coinranking.com/coin/razxDUgYGNAdQ+ethereum-eth,16669227543,0.075199785
54,HIVsRcGKkPFtW,USDT,Tether USD,#22a079,https://cdn.coinranking.com/mgHqwlCLj/usdt.svg,82786488552,1.002089874,1420761600,1,0.21,3,1,FALSE,https://coinranking.com/coin/HIVsRcGKkPFtW+tetherusd-usdt,58060246236,2.44008E-05
55,HIVsRcGKkPFtW,USDT,Tether USD,#22a079,https://cdn.coinranking.com/mgHqwlCLj/usdt.svg,82786488552,1.002089874,1420761600,1,0.21,3,1.001643705,FALSE,https://coinranking.com/coin/HIVsRcGKkPFtW+tetherusd-usdt,58060246236,2.44008E-05
56,HIVsRcGKkPFtW,USDT,Tether USD,#22a079,https://cdn.coinranking.com/mgHqwlCLj/usdt.svg,82786488552,1.002089874,1420761600,1,0.21,3,1.001268992,FALSE,https://coinranking.com/coin/HIVsRcGKkPFtW+tetherusd-usdt,58060246236,2.44008E-05
57,HIVsRcGKkPFtW,USDT,Tether USD,#22a079,https://cdn.coinranking.com/mgHqwlCLj/usdt.svg,82786488552,1.002089874,1420761600,1,0.21,3,1.001481026,FALSE,https://coinranking.com/coin/HIVsRcGKkPFtW+tetherusd-usdt,58060246236,2.44008E-05
58,HIVsRcGKkPFtW,USDT,Tether USD,#22a079,https://cdn.coinranking.com/mgHqwlCLj/usdt.svg,82786488552,1.002089874,1420761600,1,0.21,3,1.001849149,FALSE,https://coinranking.com/coin/HIVsRcGKkPFtW+tetherusd-usdt,58060246236,2.44008E-05
59,HIVsRcGKkPFtW,USDT,Tether USD,#22a079,https://cdn.coinranking.com/mgHqwlCLj/usdt.svg,82786488552,1.002089874,1420761600,1,0.21,3,1.001617552,FALSE,https://coinranking.com/coin/HIVsRcGKkPFtW+tetherusd-usdt,58060246236,2.44008E-05
60,HIVsRcGKkPFtW,USDT,Tether USD,#22a079,https://cdn.coinranking.com/mgHqwlCLj/usdt.svg,82786488552,1.002089874,1420761600,1,0.21,3,1.001905359,FALSE,https://coinranking.com/coin/HIVsRcGKkPFtW+tetherusd-usdt,58060246236,2.44008E-05
61,HIVsRcGKkPFtW,USDT,Tether USD,#22a079,https://cdn.coinranking.com/mgHqwlCLj/usdt.svg,82786488552,1.002089874,1420761600,1,0.21,3,1.001645604,FALSE,https://coinranking.com/coin/HIVsRcGKkPFtW+tetherusd-usdt,58060246236,2.44008E-05
62,HIVsRcGKkPFtW,USDT,Tether USD,#22a079,https://cdn.coinranking.com/mgHqwlCLj/usdt.svg,82786488552,1.002089874,1420761600,1,0.21,3,1.001447078,FALSE,https://coinranking.com/coin/HIVsRcGKkPFtW+tetherusd-usdt,58060246236,2.44008E-05
63,HIVsRcGKkPFtW,USDT,Tether USD,#22a079,https://cdn.coinranking.com/mgHqwlCLj/usdt.svg,82786488552,1.002089874,1420761600,1,0.21,3,1.001647547,FALSE,https://coinranking.com/coin/HIVsRcGKkPFtW+tetherusd-usdt,58060246236,2.44008E-05
64,HIVsRcGKkPFtW,USDT,Tether USD,#22a079,https://cdn.coinranking.com/mgHqwlCLj/usdt.svg,82786488552,1.002089874,1420761600,1,0.21,3,1.00193697,FALSE,https://coinranking.com/coin/HIVsRcGKkPFtW+tetherusd-usdt,58060246236,2.44008E-05
65,HIVsRcGKkPFtW,USDT,Tether USD,#22a079,https://cdn.coinranking.com/mgHqwlCLj/usdt.svg,82786488552,1.002089874,1420761600,1,0.21,3,1.00157377,FALSE,https://coinranking.com/coin/HIVsRcGKkPFtW+tetherusd-usdt,58060246236,2.44008E-05
66,HIVsRcGKkPFtW,USDT,Tether USD,#22a079,https://cdn.coinranking.com/mgHqwlCLj/usdt.svg,82786488552,1.002089874,1420761600,1,0.21,3,1.002166044,FALSE,https://coinranking.com/coin/HIVsRcGKkPFtW+tetherusd-usdt,58060246236,2.44008E-05
67,HIVsRcGKkPFtW,USDT,Tether USD,#22a079,https://cdn.coinranking.com/mgHqwlCLj/usdt.svg,82786488552,1.002089874,1420761600,1,0.21,3,1.002062702,FALSE,https://coinranking.com/coin/HIVsRcGKkPFtW+tetherusd-usdt,58060246236,2.44008E-05
68,HIVsRcGKkPFtW,USDT,Tether USD,#22a079,https://cdn.coinranking.com/mgHqwlCLj/usdt.svg,82786488552,1.002089874,1420761600,1,0.21,3,1.00172164,FALSE,https://coinranking.com/coin/HIVsRcGKkPFtW+tetherusd-usdt,58060246236,2.44008E-05
69,HIVsRcGKkPFtW,USDT,Tether USD,#22a079,https://cdn.coinranking.com/mgHqwlCLj/usdt.svg,82786488552,1.002089874,1420761600,1,0.21,3,1.001736069,FALSE,https://coinranking.com/coin/HIVsRcGKkPFtW+tetherusd-usdt,58060246236,2.44008E-05
70,HIVsRcGKkPFtW,USDT,Tether USD,#22a079,https://cdn.coinranking.com/mgHqwlCLj/usdt.svg,82786488552,1.002089874,1420761600,1,0.21,3,1.001776107,FALSE,https://coinranking.com/coin/HIVsRcGKkPFtW+tetherusd-usdt,58060246236,2.44008E-05
71,HIVsRcGKkPFtW,USDT,Tether USD,#22a079,https://cdn.coinranking.com/mgHqwlCLj/usdt.svg,82786488552,1.002089874,1420761600,1,0.21,3,1.001579761,FALSE,https://coinranking.com/coin/HIVsRcGKkPFtW+tetherusd-usdt,58060246236,2.44008E-05
72,HIVsRcGKkPFtW,USDT,Tether USD,#22a079,https://cdn.coinranking.com/mgHqwlCLj/usdt.svg,82786488552,1.002089874,1420761600,1,0.21,3,1.00165104,FALSE,https://coinranking.com/coin/HIVsRcGKkPFtW+tetherusd-usdt,58060246236,2.44008E-05
73,HIVsRcGKkPFtW,USDT,Tether USD,#22a079,https://cdn.coinranking.com/mgHqwlCLj/usdt.svg,82786488552,1.002089874,1420761600,1,0.21,3,1.001366378,FALSE,https://coinranking.com/coin/HIVsRcGKkPFtW+tetherusd-usdt,58060246236,2.44008E-05
74,HIVsRcGKkPFtW,USDT,Tether USD,#22a079,https://cdn.coinranking.com/mgHqwlCLj/usdt.svg,82786488552,1.002089874,1420761600,1,0.21,3,1.001175426,FALSE,https://coinranking.com/coin/HIVsRcGKkPFtW+tetherusd-usdt,58060246236,2.44008E-05
75,HIVsRcGKkPFtW,USDT,Tether USD,#22a079,https://cdn.coinranking.com/mgHqwlCLj/usdt.svg,82786488552,1.002089874,1420761600,1,0.21,3,1.002184139,FALSE,https://coinranking.com/coin/HIVsRcGKkPFtW+tetherusd-usdt,58060246236,2.44008E-05
76,HIVsRcGKkPFtW,USDT,Tether USD,#22a079,https://cdn.coinranking.com/mgHqwlCLj/usdt.svg,82786488552,1.002089874,1420761600,1,0.21,3,1.002875395,FALSE,https://coinranking.com/coin/HIVsRcGKkPFtW+tetherusd-usdt,58060246236,2.44008E-05
77,HIVsRcGKkPFtW,USDT,Tether USD,#22a079,https://cdn.coinranking.com/mgHqwlCLj/usdt.svg,82786488552,1.002089874,1420761600,1,0.21,3,1.002491922,FALSE,https://coinranking.com/coin/HIVsRcGKkPFtW+tetherusd-usdt,58060246236,2.44008E-05
78,HIVsRcGKkPFtW,USDT,Tether USD,#22a079,https://cdn.coinranking.com/mgHqwlCLj/usdt.svg,82786488552,1.002089874,1420761600,1,0.21,3,1.001314779,FALSE,https://coinranking.com/coin/HIVsRcGKkPFtW+tetherusd-usdt,58060246236,2.44008E-05
79,HIVsRcGKkPFtW,USDT,Tether USD,#22a079,https://cdn.coinranking.com/mgHqwlCLj/usdt.svg,82786488552,1.002089874,1420761600,1,0.21,3,1.001930746,FALSE,https://coinranking.com/coin/HIVsRcGKkPFtW+tetherusd-usdt,58060246236,2.44008E-05
80,HIVsRcGKkPFtW,USDT,Tether USD,#22a079,https://cdn.coinranking.com/mgHqwlCLj/usdt.svg,82786488552,1.002089874,1420761600,1,0.21,3,1.002089874,FALSE,https://coinranking.com/coin/HIVsRcGKkPFtW+tetherusd-usdt,58060246236,2.44008E-05
81,WcwrkfNI4FUAe,BNB,Binance Coin,#e8b342,https://cdn.coinranking.com/B1N19L_dZ/bnb.svg,62216168730,418.5087578,1503014400,1,1.67,4,411.6266998,FALSE,https://coinranking.com/coin/WcwrkfNI4FUAe+binancecoin-bnb,2049414142,0.010190647
82,WcwrkfNI4FUAe,BNB,Binance Coin,#e8b342,https://cdn.coinranking.com/B1N19L_dZ/bnb.svg,62216168730,418.5087578,1503014400,1,1.67,4,410.3957737,FALSE,https://coinranking.com/coin/WcwrkfNI4FUAe+binancecoin-bnb,2049414142,0.010190647
83,WcwrkfNI4FUAe,BNB,Binance Coin,#e8b342,https://cdn.coinranking.com/B1N19L_dZ/bnb.svg,62216168730,418.5087578,1503014400,1,1.67,4,408.7656833,FALSE,https://coinranking.com/coin/WcwrkfNI4FUAe+binancecoin-bnb,2049414142,0.010190647
84,WcwrkfNI4FUAe,BNB,Binance Coin,#e8b342,https://cdn.coinranking.com/B1N19L_dZ/bnb.svg,62216168730,418.5087578,1503014400,1,1.67,4,409.7354467,FALSE,https://coinranking.com/coin/WcwrkfNI4FUAe+binancecoin-bnb,2049414142,0.010190647
85,WcwrkfNI4FUAe,BNB,Binance Coin,#e8b342,https://cdn.coinranking.com/B1N19L_dZ/bnb.svg,62216168730,418.5087578,1503014400,1,1.67,4,411.8389622,FALSE,https://coinranking.com/coin/WcwrkfNI4FUAe+binancecoin-bnb,2049414142,0.010190647
86,WcwrkfNI4FUAe,BNB,Binance Coin,#e8b342,https://cdn.coinranking.com/B1N19L_dZ/bnb.svg,62216168730,418.5087578,1503014400,1,1.67,4,412.4131938,FALSE,https://coinranking.com/coin/WcwrkfNI4FUAe+binancecoin-bnb,2049414142,0.010190647
87,WcwrkfNI4FUAe,BNB,Binance Coin,#e8b342,https://cdn.coinranking.com/B1N19L_dZ/bnb.svg,62216168730,418.5087578,1503014400,1,1.67,4,414.0927396,FALSE,https://coinranking.com/coin/WcwrkfNI4FUAe+binancecoin-bnb,2049414142,0.010190647
88,WcwrkfNI4FUAe,BNB,Binance Coin,#e8b342,https://cdn.coinranking.com/B1N19L_dZ/bnb.svg,62216168730,418.5087578,1503014400,1,1.67,4,415.004714,FALSE,https://coinranking.com/coin/WcwrkfNI4FUAe+binancecoin-bnb,2049414142,0.010190647
89,WcwrkfNI4FUAe,BNB,Binance Coin,#e8b342,https://cdn.coinranking.com/B1N19L_dZ/bnb.svg,62216168730,418.5087578,1503014400,1,1.67,4,412.9230576,FALSE,https://coinranking.com/coin/WcwrkfNI4FUAe+binancecoin-bnb,2049414142,0.010190647
90,WcwrkfNI4FUAe,BNB,Binance Coin,#e8b342,https://cdn.coinranking.com/B1N19L_dZ/bnb.svg,62216168730,418.5087578,1503014400,1,1.67,4,416.3592276,FALSE,https://coinranking.com/coin/WcwrkfNI4FUAe+binancecoin-bnb,2049414142,0.010190647
91,WcwrkfNI4FUAe,BNB,Binance Coin,#e8b342,https://cdn.coinranking.com/B1N19L_dZ/bnb.svg,62216168730,418.5087578,1503014400,1,1.67,4,419.8074841,FALSE,https://coinranking.com/coin/WcwrkfNI4FUAe+binancecoin-bnb,2049414142,0.010190647
92,WcwrkfNI4FUAe,BNB,Binance Coin,#e8b342,https://cdn.coinranking.com/B1N19L_dZ/bnb.svg,62216168730,418.5087578,1503014400,1,1.67,4,418.5674782,FALSE,https://coinranking.com/coin/WcwrkfNI4FUAe+binancecoin-bnb,2049414142,0.010190647
93,WcwrkfNI4FUAe,BNB,Binance Coin,#e8b342,https://cdn.coinranking.com/B1N19L_dZ/bnb.svg,62216168730,418.5087578,1503014400,1,1.67,4,419.315806,FALSE,https://coinranking.com/coin/WcwrkfNI4FUAe+binancecoin-bnb,2049414142,0.010190647
94,WcwrkfNI4FUAe,BNB,Binance Coin,#e8b342,https://cdn.coinranking.com/B1N19L_dZ/bnb.svg,62216168730,418.5087578,1503014400,1,1.67,4,419.9278246,FALSE,https://coinranking.com/coin/WcwrkfNI4FUAe+binancecoin-bnb,2049414142,0.010190647
95,WcwrkfNI4FUAe,BNB,Binance Coin,#e8b342,https://cdn.coinranking.com/B1N19L_dZ/bnb.svg,62216168730,418.5087578,1503014400,1,1.67,4,418.5958198,FALSE,https://coinranking.com/coin/WcwrkfNI4FUAe+binancecoin-bnb,2049414142,0.010190647
96,WcwrkfNI4FUAe,BNB,Binance Coin,#e8b342,https://cdn.coinranking.com/B1N19L_dZ/bnb.svg,62216168730,418.5087578,1503014400,1,1.67,4,419.0745799,FALSE,https://coinranking.com/coin/WcwrkfNI4FUAe+binancecoin-bnb,2049414142,0.010190647
97,WcwrkfNI4FUAe,BNB,Binance Coin,#e8b342,https://cdn.coinranking.com/B1N19L_dZ/bnb.svg,62216168730,418.5087578,1503014400,1,1.67,4,420.5399378,FALSE,https://coinranking.com/coin/WcwrkfNI4FUAe+binancecoin-bnb,2049414142,0.010190647
98,WcwrkfNI4FUAe,BNB,Binance Coin,#e8b342,https://cdn.coinranking.com/B1N19L_dZ/bnb.svg,62216168730,418.5087578,1503014400,1,1.67,4,419.8122191,FALSE,https://coinranking.com/coin/WcwrkfNI4FUAe+binancecoin-bnb,2049414142,0.010190647
99,WcwrkfNI4FUAe,BNB,Binance Coin,#e8b342,https://cdn.coinranking.com/B1N19L_dZ/bnb.svg,62216168730,418.5087578,1503014400,1,1.67,4,416.4348102,FALSE,https://coinranking.com/coin/WcwrkfNI4FUAe+binancecoin-bnb,2049414142,0.010190647
100,WcwrkfNI4FUAe,BNB,Binance Coin,#e8b342,https://cdn.coinranking.com/B1N19L_dZ/bnb.svg,62216168730,418.5087578,1503014400,1,1.67,4,415.9737639,FALSE,https://coinranking.com/coin/WcwrkfNI4FUAe+binancecoin-bnb,2049414142,0.010190647
101,WcwrkfNI4FUAe,BNB,Binance Coin,#e8b342,https://cdn.coinranking.com/B1N19L_dZ/bnb.svg,62216168730,418.5087578,1503014400,1,1.67,4,414.0986018,FALSE,https://coinranking.com/coin/WcwrkfNI4FUAe+binancecoin-bnb,2049414142,0.010190647
102,WcwrkfNI4FUAe,BNB,Binance Coin,#e8b342,https://cdn.coinranking.com/B1N19L_dZ/bnb.svg,62216168730,418.5087578,1503014400,1,1.67,4,418.964056,FALSE,https://coinranking.com/coin/WcwrkfNI4FUAe+binancecoin-bnb,2049414142,0.010190647
103,WcwrkfNI4FUAe,BNB,Binance Coin,#e8b342,https://cdn.coinranking.com/B1N19L_dZ/bnb.svg,62216168730,418.5087578,1503014400,1,1.67,4,416.8117212,FALSE,https://coinranking.com/coin/WcwrkfNI4FUAe+binancecoin-bnb,2049414142,0.010190647
104,WcwrkfNI4FUAe,BNB,Binance Coin,#e8b342,https://cdn.coinranking.com/B1N19L_dZ/bnb.svg,62216168730,418.5087578,1503014400,1,1.67,4,418.8055686,FALSE,https://coinranking.com/coin/WcwrkfNI4FUAe+binancecoin-bnb,2049414142,0.010190647
105,WcwrkfNI4FUAe,BNB,Binance Coin,#e8b342,https://cdn.coinranking.com/B1N19L_dZ/bnb.svg,62216168730,418.5087578,1503014400,1,1.67,4,418.5396339,FALSE,https://coinranking.com/coin/WcwrkfNI4FUAe+binancecoin-bnb,2049414142,0.010190647
106,WcwrkfNI4FUAe,BNB,Binance Coin,#e8b342,https://cdn.coinranking.com/B1N19L_dZ/bnb.svg,62216168730,418.5087578,1503014400,1,1.67,4,418.0096963,FALSE,https://coinranking.com/coin/WcwrkfNI4FUAe+binancecoin-bnb,2049414142,0.010190647
107,WcwrkfNI4FUAe,BNB,Binance Coin,#e8b342,https://cdn.coinranking.com/B1N19L_dZ/bnb.svg,62216168730,418.5087578,1503014400,1,1.67,4,418.5087578,FALSE,https://coinranking.com/coin/WcwrkfNI4FUAe+binancecoin-bnb,2049414142,0.010190647
108,aKzUVe4Hh_CON,USDC,USDC,#7894b4,https://cdn.coinranking.com/jkDf8sQbY/usdc.svg,50680105151,1.003624978,1539043200,1,0.36,5,1,FALSE,https://coinranking.com/coin/aKzUVe4Hh_CON+usdc-usdc,3124812707,2.44382E-05
109,aKzUVe4Hh_CON,USDC,USDC,#7894b4,https://cdn.coinranking.com/jkDf8sQbY/usdc.svg,50680105151,1.003624978,1539043200,1,0.36,5,1.002671887,FALSE,https://coinranking.com/coin/aKzUVe4Hh_CON+usdc-usdc,3124812707,2.44382E-05
110,aKzUVe4Hh_CON,USDC,USDC,#7894b4,https://cdn.coinranking.com/jkDf8sQbY/usdc.svg,50680105151,1.003624978,1539043200,1,0.36,5,1.002737569,FALSE,https://coinranking.com/coin/aKzUVe4Hh_CON+usdc-usdc,3124812707,2.44382E-05
111,aKzUVe4Hh_CON,USDC,USDC,#7894b4,https://cdn.coinranking.com/jkDf8sQbY/usdc.svg,50680105151,1.003624978,1539043200,1,0.36,5,1.002809917,FALSE,https://coinranking.com/coin/aKzUVe4Hh_CON+usdc-usdc,3124812707,2.44382E-05
112,aKzUVe4Hh_CON,USDC,USDC,#7894b4,https://cdn.coinranking.com/jkDf8sQbY/usdc.svg,50680105151,1.003624978,1539043200,1,0.36,5,1.003105015,FALSE,https://coinranking.com/coin/aKzUVe4Hh_CON+usdc-usdc,3124812707,2.44382E-05
113,aKzUVe4Hh_CON,USDC,USDC,#7894b4,https://cdn.coinranking.com/jkDf8sQbY/usdc.svg,50680105151,1.003624978,1539043200,1,0.36,5,1.003003513,FALSE,https://coinranking.com/coin/aKzUVe4Hh_CON+usdc-usdc,3124812707,2.44382E-05
114,aKzUVe4Hh_CON,USDC,USDC,#7894b4,https://cdn.coinranking.com/jkDf8sQbY/usdc.svg,50680105151,1.003624978,1539043200,1,0.36,5,1.003116537,FALSE,https://coinranking.com/coin/aKzUVe4Hh_CON+usdc-usdc,3124812707,2.44382E-05
115,aKzUVe4Hh_CON,USDC,USDC,#7894b4,https://cdn.coinranking.com/jkDf8sQbY/usdc.svg,50680105151,1.003624978,1539043200,1,0.36,5,1.003118555,FALSE,https://coinranking.com/coin/aKzUVe4Hh_CON+usdc-usdc,3124812707,2.44382E-05
116,aKzUVe4Hh_CON,USDC,USDC,#7894b4,https://cdn.coinranking.com/jkDf8sQbY/usdc.svg,50680105151,1.003624978,1539043200,1,0.36,5,1.00304867,FALSE,https://coinranking.com/coin/aKzUVe4Hh_CON+usdc-usdc,3124812707,2.44382E-05
117,aKzUVe4Hh_CON,USDC,USDC,#7894b4,https://cdn.coinranking.com/jkDf8sQbY/usdc.svg,50680105151,1.003624978,1539043200,1,0.36,5,1.002597697,FALSE,https://coinranking.com/coin/aKzUVe4Hh_CON+usdc-usdc,3124812707,2.44382E-05
118,aKzUVe4Hh_CON,USDC,USDC,#7894b4,https://cdn.coinranking.com/jkDf8sQbY/usdc.svg,50680105151,1.003624978,1539043200,1,0.36,5,1.002554508,FALSE,https://coinranking.com/coin/aKzUVe4Hh_CON+usdc-usdc,3124812707,2.44382E-05
119,aKzUVe4Hh_CON,USDC,USDC,#7894b4,https://cdn.coinranking.com/jkDf8sQbY/usdc.svg,50680105151,1.003624978,1539043200,1,0.36,5,1.002698511,FALSE,https://coinranking.com/coin/aKzUVe4Hh_CON+usdc-usdc,3124812707,2.44382E-05
120,aKzUVe4Hh_CON,USDC,USDC,#7894b4,https://cdn.coinranking.com/jkDf8sQbY/usdc.svg,50680105151,1.003624978,1539043200,1,0.36,5,1.002927326,FALSE,https://coinranking.com/coin/aKzUVe4Hh_CON+usdc-usdc,3124812707,2.44382E-05
121,aKzUVe4Hh_CON,USDC,USDC,#7894b4,https://cdn.coinranking.com/jkDf8sQbY/usdc.svg,50680105151,1.003624978,1539043200,1,0.36,5,1.002896695,FALSE,https://coinranking.com/coin/aKzUVe4Hh_CON+usdc-usdc,3124812707,2.44382E-05
122,aKzUVe4Hh_CON,USDC,USDC,#7894b4,https://cdn.coinranking.com/jkDf8sQbY/usdc.svg,50680105151,1.003624978,1539043200,1,0.36,5,1.00329191,FALSE,https://coinranking.com/coin/aKzUVe4Hh_CON+usdc-usdc,3124812707,2.44382E-05
123,aKzUVe4Hh_CON,USDC,USDC,#7894b4,https://cdn.coinranking.com/jkDf8sQbY/usdc.svg,50680105151,1.003624978,1539043200,1,0.36,5,1.003638572,FALSE,https://coinranking.com/coin/aKzUVe4Hh_CON+usdc-usdc,3124812707,2.44382E-05
124,aKzUVe4Hh_CON,USDC,USDC,#7894b4,https://cdn.coinranking.com/jkDf8sQbY/usdc.svg,50680105151,1.003624978,1539043200,1,0.36,5,1.003828505,FALSE,https://coinranking.com/coin/aKzUVe4Hh_CON+usdc-usdc,3124812707,2.44382E-05
125,aKzUVe4Hh_CON,USDC,USDC,#7894b4,https://cdn.coinranking.com/jkDf8sQbY/usdc.svg,50680105151,1.003624978,1539043200,1,0.36,5,1.003450981,FALSE,https://coinranking.com/coin/aKzUVe4Hh_CON+usdc-usdc,3124812707,2.44382E-05
126,aKzUVe4Hh_CON,USDC,USDC,#7894b4,https://cdn.coinranking.com/jkDf8sQbY/usdc.svg,50680105151,1.003624978,1539043200,1,0.36,5,1.003216549,FALSE,https://coinranking.com/coin/aKzUVe4Hh_CON+usdc-usdc,3124812707,2.44382E-05
127,aKzUVe4Hh_CON,USDC,USDC,#7894b4,https://cdn.coinranking.com/jkDf8sQbY/usdc.svg,50680105151,1.003624978,1539043200,1,0.36,5,1.003167364,FALSE,https://coinranking.com/coin/aKzUVe4Hh_CON+usdc-usdc,3124812707,2.44382E-05
128,aKzUVe4Hh_CON,USDC,USDC,#7894b4,https://cdn.coinranking.com/jkDf8sQbY/usdc.svg,50680105151,1.003624978,1539043200,1,0.36,5,1.003191685,FALSE,https://coinranking.com/coin/aKzUVe4Hh_CON+usdc-usdc,3124812707,2.44382E-05
129,aKzUVe4Hh_CON,USDC,USDC,#7894b4,https://cdn.coinranking.com/jkDf8sQbY/usdc.svg,50680105151,1.003624978,1539043200,1,0.36,5,1.003180367,FALSE,https://coinranking.com/coin/aKzUVe4Hh_CON+usdc-usdc,3124812707,2.44382E-05
130,aKzUVe4Hh_CON,USDC,USDC,#7894b4,https://cdn.coinranking.com/jkDf8sQbY/usdc.svg,50680105151,1.003624978,1539043200,1,0.36,5,1.003952617,FALSE,https://coinranking.com/coin/aKzUVe4Hh_CON+usdc-usdc,3124812707,2.44382E-05
131,aKzUVe4Hh_CON,USDC,USDC,#7894b4,https://cdn.coinranking.com/jkDf8sQbY/usdc.svg,50680105151,1.003624978,1539043200,1,0.36,5,1.004031468,FALSE,https://coinranking.com/coin/aKzUVe4Hh_CON+usdc-usdc,3124812707,2.44382E-05
132,aKzUVe4Hh_CON,USDC,USDC,#7894b4,https://cdn.coinranking.com/jkDf8sQbY/usdc.svg,50680105151,1.003624978,1539043200,1,0.36,5,1.004339758,FALSE,https://coinranking.com/coin/aKzUVe4Hh_CON+usdc-usdc,3124812707,2.44382E-05
133,aKzUVe4Hh_CON,USDC,USDC,#7894b4,https://cdn.coinranking.com/jkDf8sQbY/usdc.svg,50680105151,1.003624978,1539043200,1,0.36,5,1.004055078,FALSE,https://coinranking.com/coin/aKzUVe4Hh_CON+usdc-usdc,3124812707,2.44382E-05
134,aKzUVe4Hh_CON,USDC,USDC,#7894b4,https://cdn.coinranking.com/jkDf8sQbY/usdc.svg,50680105151,1.003624978,1539043200,1,0.36,5,1.003624978,FALSE,https://coinranking.com/coin/aKzUVe4Hh_CON+usdc-usdc,3124812707,2.44382E-05
135,zNZHO_Sjf,SOL,Solana,,https://cdn.coinranking.com/yvUG4Qex5/solana.svg,34213052456,104.3324281,1586539320,1,0.39,6,103.9296993,FALSE,https://coinranking.com/coin/zNZHO_Sjf+solana-sol,1703318652,0.002540484
136,zNZHO_Sjf,SOL,Solana,,https://cdn.coinranking.com/yvUG4Qex5/solana.svg,34213052456,104.3324281,1586539320,1,0.39,6,102.3037422,FALSE,https://coinranking.com/coin/zNZHO_Sjf+solana-sol,1703318652,0.002540484
137,zNZHO_Sjf,SOL,Solana,,https://cdn.coinranking.com/yvUG4Qex5/solana.svg,34213052456,104.3324281,1586539320,1,0.39,6,101.4493176,FALSE,https://coinranking.com/coin/zNZHO_Sjf+solana-sol,1703318652,0.002540484
138,zNZHO_Sjf,SOL,Solana,,https://cdn.coinranking.com/yvUG4Qex5/solana.svg,34213052456,104.3324281,1586539320,1,0.39,6,101.8797189,FALSE,https://coinranking.com/coin/zNZHO_Sjf+solana-sol,1703318652,0.002540484
139,zNZHO_Sjf,SOL,Solana,,https://cdn.coinranking.com/yvUG4Qex5/solana.svg,34213052456,104.3324281,1586539320,1,0.39,6,102.6713803,FALSE,https://coinranking.com/coin/zNZHO_Sjf+solana-sol,1703318652,0.002540484
140,zNZHO_Sjf,SOL,Solana,,https://cdn.coinranking.com/yvUG4Qex5/solana.svg,34213052456,104.3324281,1586539320,1,0.39,6,102.105374,FALSE,https://coinranking.com/coin/zNZHO_Sjf+solana-sol,1703318652,0.002540484
141,zNZHO_Sjf,SOL,Solana,,https://cdn.coinranking.com/yvUG4Qex5/solana.svg,34213052456,104.3324281,1586539320,1,0.39,6,102.7808076,FALSE,https://coinranking.com/coin/zNZHO_Sjf+solana-sol,1703318652,0.002540484
142,zNZHO_Sjf,SOL,Solana,,https://cdn.coinranking.com/yvUG4Qex5/solana.svg,34213052456,104.3324281,1586539320,1,0.39,6,103.6466775,FALSE,https://coinranking.com/coin/zNZHO_Sjf+solana-sol,1703318652,0.002540484
143,zNZHO_Sjf,SOL,Solana,,https://cdn.coinranking.com/yvUG4Qex5/solana.svg,34213052456,104.3324281,1586539320,1,0.39,6,102.6128585,FALSE,https://coinranking.com/coin/zNZHO_Sjf+solana-sol,1703318652,0.002540484
144,zNZHO_Sjf,SOL,Solana,,https://cdn.coinranking.com/yvUG4Qex5/solana.svg,34213052456,104.3324281,1586539320,1,0.39,6,102.8896725,FALSE,https://coinranking.com/coin/zNZHO_Sjf+solana-sol,1703318652,0.002540484
145,zNZHO_Sjf,SOL,Solana,,https://cdn.coinranking.com/yvUG4Qex5/solana.svg,34213052456,104.3324281,1586539320,1,0.39,6,104.0438702,FALSE,https://coinranking.com/coin/zNZHO_Sjf+solana-sol,1703318652,0.002540484
146,zNZHO_Sjf,SOL,Solana,,https://cdn.coinranking.com/yvUG4Qex5/solana.svg,34213052456,104.3324281,1586539320,1,0.39,6,103.5899596,FALSE,https://coinranking.com/coin/zNZHO_Sjf+solana-sol,1703318652,0.002540484
147,zNZHO_Sjf,SOL,Solana,,https://cdn.coinranking.com/yvUG4Qex5/solana.svg,34213052456,104.3324281,1586539320,1,0.39,6,103.9171929,FALSE,https://coinranking.com/coin/zNZHO_Sjf+solana-sol,1703318652,0.002540484
148,zNZHO_Sjf,SOL,Solana,,https://cdn.coinranking.com/yvUG4Qex5/solana.svg,34213052456,104.3324281,1586539320,1,0.39,6,104.2359045,FALSE,https://coinranking.com/coin/zNZHO_Sjf+solana-sol,1703318652,0.002540484
149,zNZHO_Sjf,SOL,Solana,,https://cdn.coinranking.com/yvUG4Qex5/solana.svg,34213052456,104.3324281,1586539320,1,0.39,6,103.8622074,FALSE,https://coinranking.com/coin/zNZHO_Sjf+solana-sol,1703318652,0.002540484
150,zNZHO_Sjf,SOL,Solana,,https://cdn.coinranking.com/yvUG4Qex5/solana.svg,34213052456,104.3324281,1586539320,1,0.39,6,103.9577271,FALSE,https://coinranking.com/coin/zNZHO_Sjf+solana-sol,1703318652,0.002540484
151,zNZHO_Sjf,SOL,Solana,,https://cdn.coinranking.com/yvUG4Qex5/solana.svg,34213052456,104.3324281,1586539320,1,0.39,6,103.963807,FALSE,https://coinranking.com/coin/zNZHO_Sjf+solana-sol,1703318652,0.002540484
152,zNZHO_Sjf,SOL,Solana,,https://cdn.coinranking.com/yvUG4Qex5/solana.svg,34213052456,104.3324281,1586539320,1,0.39,6,102.9606521,FALSE,https://coinranking.com/coin/zNZHO_Sjf+solana-sol,1703318652,0.002540484
153,zNZHO_Sjf,SOL,Solana,,https://cdn.coinranking.com/yvUG4Qex5/solana.svg,34213052456,104.3324281,1586539320,1,0.39,6,102.2887373,FALSE,https://coinranking.com/coin/zNZHO_Sjf+solana-sol,1703318652,0.002540484
154,zNZHO_Sjf,SOL,Solana,,https://cdn.coinranking.com/yvUG4Qex5/solana.svg,34213052456,104.3324281,1586539320,1,0.39,6,101.8704667,FALSE,https://coinranking.com/coin/zNZHO_Sjf+solana-sol,1703318652,0.002540484
155,zNZHO_Sjf,SOL,Solana,,https://cdn.coinranking.com/yvUG4Qex5/solana.svg,34213052456,104.3324281,1586539320,1,0.39,6,100.991948,FALSE,https://coinranking.com/coin/zNZHO_Sjf+solana-sol,1703318652,0.002540484
156,zNZHO_Sjf,SOL,Solana,,https://cdn.coinranking.com/yvUG4Qex5/solana.svg,34213052456,104.3324281,1586539320,1,0.39,6,102.8515018,FALSE,https://coinranking.com/coin/zNZHO_Sjf+solana-sol,1703318652,0.002540484
157,zNZHO_Sjf,SOL,Solana,,https://cdn.coinranking.com/yvUG4Qex5/solana.svg,34213052456,104.3324281,1586539320,1,0.39,6,103.777096,FALSE,https://coinranking.com/coin/zNZHO_Sjf+solana-sol,1703318652,0.002540484
158,zNZHO_Sjf,SOL,Solana,,https://cdn.coinranking.com/yvUG4Qex5/solana.svg,34213052456,104.3324281,1586539320,1,0.39,6,105.1676157,FALSE,https://coinranking.com/coin/zNZHO_Sjf+solana-sol,1703318652,0.002540484
159,zNZHO_Sjf,SOL,Solana,,https://cdn.coinranking.com/yvUG4Qex5/solana.svg,34213052456,104.3324281,1586539320,1,0.39,6,104.8823885,FALSE,https://coinranking.com/coin/zNZHO_Sjf+solana-sol,1703318652,0.002540484
160,zNZHO_Sjf,SOL,Solana,,https://cdn.coinranking.com/yvUG4Qex5/solana.svg,34213052456,104.3324281,1586539320,1,0.39,6,104.2254008,FALSE,https://coinranking.com/coin/zNZHO_Sjf+solana-sol,1703318652,0.002540484
161,zNZHO_Sjf,SOL,Solana,,https://cdn.coinranking.com/yvUG4Qex5/solana.svg,34213052456,104.3324281,1586539320,1,0.39,6,104.3324281,FALSE,https://coinranking.com/coin/zNZHO_Sjf+solana-sol,1703318652,0.002540484
162,#NAME?,XRP,XRP,#000000,https://cdn.coinranking.com/B1oPuTyfX/xrp.svg,31595635249,0.719616844,1421798400,1,1.87,7,0.70641559,FALSE,https://coinranking.com/coin/-l8Mn2pVlRs-p+xrp-xrp,1661118164,1.75226E-05
163,#NAME?,XRP,XRP,#000000,https://cdn.coinranking.com/B1oPuTyfX/xrp.svg,31595635249,0.719616844,1421798400,1,1.87,7,0.699488124,FALSE,https://coinranking.com/coin/-l8Mn2pVlRs-p+xrp-xrp,1661118164,1.75226E-05
164,#NAME?,XRP,XRP,#000000,https://cdn.coinranking.com/B1oPuTyfX/xrp.svg,31595635249,0.719616844,1421798400,1,1.87,7,0.696194339,FALSE,https://coinranking.com/coin/-l8Mn2pVlRs-p+xrp-xrp,1661118164,1.75226E-05
165,#NAME?,XRP,XRP,#000000,https://cdn.coinranking.com/B1oPuTyfX/xrp.svg,31595635249,0.719616844,1421798400,1,1.87,7,0.697283702,FALSE,https://coinranking.com/coin/-l8Mn2pVlRs-p+xrp-xrp,1661118164,1.75226E-05
166,#NAME?,XRP,XRP,#000000,https://cdn.coinranking.com/B1oPuTyfX/xrp.svg,31595635249,0.719616844,1421798400,1,1.87,7,0.703376954,FALSE,https://coinranking.com/coin/-l8Mn2pVlRs-p+xrp-xrp,1661118164,1.75226E-05
167,#NAME?,XRP,XRP,#000000,https://cdn.coinranking.com/B1oPuTyfX/xrp.svg,31595635249,0.719616844,1421798400,1,1.87,7,0.705956602,FALSE,https://coinranking.com/coin/-l8Mn2pVlRs-p+xrp-xrp,1661118164,1.75226E-05
168,#NAME?,XRP,XRP,#000000,https://cdn.coinranking.com/B1oPuTyfX/xrp.svg,31595635249,0.719616844,1421798400,1,1.87,7,0.718315768,FALSE,https://coinranking.com/coin/-l8Mn2pVlRs-p+xrp-xrp,1661118164,1.75226E-05
169,#NAME?,XRP,XRP,#000000,https://cdn.coinranking.com/B1oPuTyfX/xrp.svg,31595635249,0.719616844,1421798400,1,1.87,7,0.715749846,FALSE,https://coinranking.com/coin/-l8Mn2pVlRs-p+xrp-xrp,1661118164,1.75226E-05
170,#NAME?,XRP,XRP,#000000,https://cdn.coinranking.com/B1oPuTyfX/xrp.svg,31595635249,0.719616844,1421798400,1,1.87,7,0.714103748,FALSE,https://coinranking.com/coin/-l8Mn2pVlRs-p+xrp-xrp,1661118164,1.75226E-05
171,#NAME?,XRP,XRP,#000000,https://cdn.coinranking.com/B1oPuTyfX/xrp.svg,31595635249,0.719616844,1421798400,1,1.87,7,0.716751011,FALSE,https://coinranking.com/coin/-l8Mn2pVlRs-p+xrp-xrp,1661118164,1.75226E-05
172,#NAME?,XRP,XRP,#000000,https://cdn.coinranking.com/B1oPuTyfX/xrp.svg,31595635249,0.719616844,1421798400,1,1.87,7,0.718489169,FALSE,https://coinranking.com/coin/-l8Mn2pVlRs-p+xrp-xrp,1661118164,1.75226E-05
173,#NAME?,XRP,XRP,#000000,https://cdn.coinranking.com/B1oPuTyfX/xrp.svg,31595635249,0.719616844,1421798400,1,1.87,7,0.717029002,FALSE,https://coinranking.com/coin/-l8Mn2pVlRs-p+xrp-xrp,1661118164,1.75226E-05
174,#NAME?,XRP,XRP,#000000,https://cdn.coinranking.com/B1oPuTyfX/xrp.svg,31595635249,0.719616844,1421798400,1,1.87,7,0.719194297,FALSE,https://coinranking.com/coin/-l8Mn2pVlRs-p+xrp-xrp,1661118164,1.75226E-05
175,#NAME?,XRP,XRP,#000000,https://cdn.coinranking.com/B1oPuTyfX/xrp.svg,31595635249,0.719616844,1421798400,1,1.87,7,0.719831395,FALSE,https://coinranking.com/coin/-l8Mn2pVlRs-p+xrp-xrp,1661118164,1.75226E-05
176,#NAME?,XRP,XRP,#000000,https://cdn.coinranking.com/B1oPuTyfX/xrp.svg,31595635249,0.719616844,1421798400,1,1.87,7,0.713835667,FALSE,https://coinranking.com/coin/-l8Mn2pVlRs-p+xrp-xrp,1661118164,1.75226E-05
177,#NAME?,XRP,XRP,#000000,https://cdn.coinranking.com/B1oPuTyfX/xrp.svg,31595635249,0.719616844,1421798400,1,1.87,7,0.714387116,FALSE,https://coinranking.com/coin/-l8Mn2pVlRs-p+xrp-xrp,1661118164,1.75226E-05
178,#NAME?,XRP,XRP,#000000,https://cdn.coinranking.com/B1oPuTyfX/xrp.svg,31595635249,0.719616844,1421798400,1,1.87,7,0.71627026,FALSE,https://coinranking.com/coin/-l8Mn2pVlRs-p+xrp-xrp,1661118164,1.75226E-05
179,#NAME?,XRP,XRP,#000000,https://cdn.coinranking.com/B1oPuTyfX/xrp.svg,31595635249,0.719616844,1421798400,1,1.87,7,0.714957694,FALSE,https://coinranking.com/coin/-l8Mn2pVlRs-p+xrp-xrp,1661118164,1.75226E-05
180,#NAME?,XRP,XRP,#000000,https://cdn.coinranking.com/B1oPuTyfX/xrp.svg,31595635249,0.719616844,1421798400,1,1.87,7,0.710912861,FALSE,https://coinranking.com/coin/-l8Mn2pVlRs-p+xrp-xrp,1661118164,1.75226E-05
181,#NAME?,XRP,XRP,#000000,https://cdn.coinranking.com/B1oPuTyfX/xrp.svg,31595635249,0.719616844,1421798400,1,1.87,7,0.709289914,FALSE,https://coinranking.com/coin/-l8Mn2pVlRs-p+xrp-xrp,1661118164,1.75226E-05
182,#NAME?,XRP,XRP,#000000,https://cdn.coinranking.com/B1oPuTyfX/xrp.svg,31595635249,0.719616844,1421798400,1,1.87,7,0.706467671,FALSE,https://coinranking.com/coin/-l8Mn2pVlRs-p+xrp-xrp,1661118164,1.75226E-05
183,#NAME?,XRP,XRP,#000000,https://cdn.coinranking.com/B1oPuTyfX/xrp.svg,31595635249,0.719616844,1421798400,1,1.87,7,0.715426005,FALSE,https://coinranking.com/coin/-l8Mn2pVlRs-p+xrp-xrp,1661118164,1.75226E-05
184,#NAME?,XRP,XRP,#000000,https://cdn.coinranking.com/B1oPuTyfX/xrp.svg,31595635249,0.719616844,1421798400,1,1.87,7,0.716613767,FALSE,https://coinranking.com/coin/-l8Mn2pVlRs-p+xrp-xrp,1661118164,1.75226E-05
185,#NAME?,XRP,XRP,#000000,https://cdn.coinranking.com/B1oPuTyfX/xrp.svg,31595635249,0.719616844,1421798400,1,1.87,7,0.722187812,FALSE,https://coinranking.com/coin/-l8Mn2pVlRs-p+xrp-xrp,1661118164,1.75226E-05
186,#NAME?,XRP,XRP,#000000,https://cdn.coinranking.com/B1oPuTyfX/xrp.svg,31595635249,0.719616844,1421798400,1,1.87,7,0.721247088,FALSE,https://coinranking.com/coin/-l8Mn2pVlRs-p+xrp-xrp,1661118164,1.75226E-05
187,#NAME?,XRP,XRP,#000000,https://cdn.coinranking.com/B1oPuTyfX/xrp.svg,31595635249,0.719616844,1421798400,1,1.87,7,0.719789634,FALSE,https://coinranking.com/coin/-l8Mn2pVlRs-p+xrp-xrp,1661118164,1.75226E-05
188,#NAME?,XRP,XRP,#000000,https://cdn.coinranking.com/B1oPuTyfX/xrp.svg,31595635249,0.719616844,1421798400,1,1.87,7,0.719616844,FALSE,https://coinranking.com/coin/-l8Mn2pVlRs-p+xrp-xrp,1661118164,1.75226E-05
189,9K7m6ufraZ6gh,HEX,HEX,#ffcd00,https://cdn.coinranking.com/iseN4Am58/hex-vector.svg,30741890061,0.11896617,1589361480,1,0.38,8,0.118520478,FALSE,https://coinranking.com/coin/9K7m6ufraZ6gh+hex-hex,6107724,2.89681E-06
190,9K7m6ufraZ6gh,HEX,HEX,#ffcd00,https://cdn.coinranking.com/iseN4Am58/hex-vector.svg,30741890061,0.11896617,1589361480,1,0.38,8,0.118542213,FALSE,https://coinranking.com/coin/9K7m6ufraZ6gh+hex-hex,6107724,2.89681E-06
191,9K7m6ufraZ6gh,HEX,HEX,#ffcd00,https://cdn.coinranking.com/iseN4Am58/hex-vector.svg,30741890061,0.11896617,1589361480,1,0.38,8,0.117213111,FALSE,https://coinranking.com/coin/9K7m6ufraZ6gh+hex-hex,6107724,2.89681E-06
192,9K7m6ufraZ6gh,HEX,HEX,#ffcd00,https://cdn.coinranking.com/iseN4Am58/hex-vector.svg,30741890061,0.11896617,1589361480,1,0.38,8,0.116842977,FALSE,https://coinranking.com/coin/9K7m6ufraZ6gh+hex-hex,6107724,2.89681E-06
193,9K7m6ufraZ6gh,HEX,HEX,#ffcd00,https://cdn.coinranking.com/iseN4Am58/hex-vector.svg,30741890061,0.11896617,1589361480,1,0.38,8,0.117215331,FALSE,https://coinranking.com/coin/9K7m6ufraZ6gh+hex-hex,6107724,2.89681E-06
194,9K7m6ufraZ6gh,HEX,HEX,#ffcd00,https://cdn.coinranking.com/iseN4Am58/hex-vector.svg,30741890061,0.11896617,1589361480,1,0.38,8,0.118495707,FALSE,https://coinranking.com/coin/9K7m6ufraZ6gh+hex-hex,6107724,2.89681E-06
195,9K7m6ufraZ6gh,HEX,HEX,#ffcd00,https://cdn.coinranking.com/iseN4Am58/hex-vector.svg,30741890061,0.11896617,1589361480,1,0.38,8,0.119242421,FALSE,https://coinranking.com/coin/9K7m6ufraZ6gh+hex-hex,6107724,2.89681E-06
196,9K7m6ufraZ6gh,HEX,HEX,#ffcd00,https://cdn.coinranking.com/iseN4Am58/hex-vector.svg,30741890061,0.11896617,1589361480,1,0.38,8,0.118640575,FALSE,https://coinranking.com/coin/9K7m6ufraZ6gh+hex-hex,6107724,2.89681E-06
197,9K7m6ufraZ6gh,HEX,HEX,#ffcd00,https://cdn.coinranking.com/iseN4Am58/hex-vector.svg,30741890061,0.11896617,1589361480,1,0.38,8,0.118189162,FALSE,https://coinranking.com/coin/9K7m6ufraZ6gh+hex-hex,6107724,2.89681E-06
198,9K7m6ufraZ6gh,HEX,HEX,#ffcd00,https://cdn.coinranking.com/iseN4Am58/hex-vector.svg,30741890061,0.11896617,1589361480,1,0.38,8,0.118111504,FALSE,https://coinranking.com/coin/9K7m6ufraZ6gh+hex-hex,6107724,2.89681E-06
199,9K7m6ufraZ6gh,HEX,HEX,#ffcd00,https://cdn.coinranking.com/iseN4Am58/hex-vector.svg,30741890061,0.11896617,1589361480,1,0.38,8,0.118287897,FALSE,https://coinranking.com/coin/9K7m6ufraZ6gh+hex-hex,6107724,2.89681E-06
200,9K7m6ufraZ6gh,HEX,HEX,#ffcd00,https://cdn.coinranking.com/iseN4Am58/hex-vector.svg,30741890061,0.11896617,1589361480,1,0.38,8,0.116973703,FALSE,https://coinranking.com/coin/9K7m6ufraZ6gh+hex-hex,6107724,2.89681E-06
201,9K7m6ufraZ6gh,HEX,HEX,#ffcd00,https://cdn.coinranking.com/iseN4Am58/hex-vector.svg,30741890061,0.11896617,1589361480,1,0.38,8,0.118238145,FALSE,https://coinranking.com/coin/9K7m6ufraZ6gh+hex-hex,6107724,2.89681E-06
202,9K7m6ufraZ6gh,HEX,HEX,#ffcd00,https://cdn.coinranking.com/iseN4Am58/hex-vector.svg,30741890061,0.11896617,1589361480,1,0.38,8,0.118125236,FALSE,https://coinranking.com/coin/9K7m6ufraZ6gh+hex-hex,6107724,2.89681E-06
203,9K7m6ufraZ6gh,HEX,HEX,#ffcd00,https://cdn.coinranking.com/iseN4Am58/hex-vector.svg,30741890061,0.11896617,1589361480,1,0.38,8,0.118304086,FALSE,https://coinranking.com/coin/9K7m6ufraZ6gh+hex-hex,6107724,2.89681E-06
204,9K7m6ufraZ6gh,HEX,HEX,#ffcd00,https://cdn.coinranking.com/iseN4Am58/hex-vector.svg,30741890061,0.11896617,1589361480,1,0.38,8,0.119136873,FALSE,https://coinranking.com/coin/9K7m6ufraZ6gh+hex-hex,6107724,2.89681E-06
205,9K7m6ufraZ6gh,HEX,HEX,#ffcd00,https://cdn.coinranking.com/iseN4Am58/hex-vector.svg,30741890061,0.11896617,1589361480,1,0.38,8,0.1192081,FALSE,https://coinranking.com/coin/9K7m6ufraZ6gh+hex-hex,6107724,2.89681E-06
206,9K7m6ufraZ6gh,HEX,HEX,#ffcd00,https://cdn.coinranking.com/iseN4Am58/hex-vector.svg,30741890061,0.11896617,1589361480,1,0.38,8,0.118859152,FALSE,https://coinranking.com/coin/9K7m6ufraZ6gh+hex-hex,6107724,2.89681E-06
207,9K7m6ufraZ6gh,HEX,HEX,#ffcd00,https://cdn.coinranking.com/iseN4Am58/hex-vector.svg,30741890061,0.11896617,1589361480,1,0.38,8,0.11816164,FALSE,https://coinranking.com/coin/9K7m6ufraZ6gh+hex-hex,6107724,2.89681E-06
208,9K7m6ufraZ6gh,HEX,HEX,#ffcd00,https://cdn.coinranking.com/iseN4Am58/hex-vector.svg,30741890061,0.11896617,1589361480,1,0.38,8,0.118188914,FALSE,https://coinranking.com/coin/9K7m6ufraZ6gh+hex-hex,6107724,2.89681E-06
209,9K7m6ufraZ6gh,HEX,HEX,#ffcd00,https://cdn.coinranking.com/iseN4Am58/hex-vector.svg,30741890061,0.11896617,1589361480,1,0.38,8,0.117381737,FALSE,https://coinranking.com/coin/9K7m6ufraZ6gh+hex-hex,6107724,2.89681E-06
210,9K7m6ufraZ6gh,HEX,HEX,#ffcd00,https://cdn.coinranking.com/iseN4Am58/hex-vector.svg,30741890061,0.11896617,1589361480,1,0.38,8,0.117234184,FALSE,https://coinranking.com/coin/9K7m6ufraZ6gh+hex-hex,6107724,2.89681E-06
211,9K7m6ufraZ6gh,HEX,HEX,#ffcd00,https://cdn.coinranking.com/iseN4Am58/hex-vector.svg,30741890061,0.11896617,1589361480,1,0.38,8,0.118763125,FALSE,https://coinranking.com/coin/9K7m6ufraZ6gh+hex-hex,6107724,2.89681E-06
212,9K7m6ufraZ6gh,HEX,HEX,#ffcd00,https://cdn.coinranking.com/iseN4Am58/hex-vector.svg,30741890061,0.11896617,1589361480,1,0.38,8,0.119692828,FALSE,https://coinranking.com/coin/9K7m6ufraZ6gh+hex-hex,6107724,2.89681E-06
213,9K7m6ufraZ6gh,HEX,HEX,#ffcd00,https://cdn.coinranking.com/iseN4Am58/hex-vector.svg,30741890061,0.11896617,1589361480,1,0.38,8,0.120297519,FALSE,https://coinranking.com/coin/9K7m6ufraZ6gh+hex-hex,6107724,2.89681E-06
214,9K7m6ufraZ6gh,HEX,HEX,#ffcd00,https://cdn.coinranking.com/iseN4Am58/hex-vector.svg,30741890061,0.11896617,1589361480,1,0.38,8,0.119190099,FALSE,https://coinranking.com/coin/9K7m6ufraZ6gh+hex-hex,6107724,2.89681E-06
215,9K7m6ufraZ6gh,HEX,HEX,#ffcd00,https://cdn.coinranking.com/iseN4Am58/hex-vector.svg,30741890061,0.11896617,1589361480,1,0.38,8,0.11896617,FALSE,https://coinranking.com/coin/9K7m6ufraZ6gh+hex-hex,6107724,2.89681E-06
216,AaQUAs2Mc,LUNA,Terra,#000000,https://cdn.coinranking.com/F-PJdF8Um/LUNA.svg,30422756437,86.30444996,1565957940,1,1.92,9,84.67828306,FALSE,https://coinranking.com/coin/AaQUAs2Mc+terra-luna,1764199008,0.002101505
217,AaQUAs2Mc,LUNA,Terra,#000000,https://cdn.coinranking.com/F-PJdF8Um/LUNA.svg,30422756437,86.30444996,1565957940,1,1.92,9,83.49792261,FALSE,https://coinranking.com/coin/AaQUAs2Mc+terra-luna,1764199008,0.002101505
218,AaQUAs2Mc,LUNA,Terra,#000000,https://cdn.coinranking.com/F-PJdF8Um/LUNA.svg,30422756437,86.30444996,1565957940,1,1.92,9,82.9876768,FALSE,https://coinranking.com/coin/AaQUAs2Mc+terra-luna,1764199008,0.002101505
219,AaQUAs2Mc,LUNA,Terra,#000000,https://cdn.coinranking.com/F-PJdF8Um/LUNA.svg,30422756437,86.30444996,1565957940,1,1.92,9,83.44678379,FALSE,https://coinranking.com/coin/AaQUAs2Mc+terra-luna,1764199008,0.002101505
220,AaQUAs2Mc,LUNA,Terra,#000000,https://cdn.coinranking.com/F-PJdF8Um/LUNA.svg,30422756437,86.30444996,1565957940,1,1.92,9,83.97566929,FALSE,https://coinranking.com/coin/AaQUAs2Mc+terra-luna,1764199008,0.002101505
221,AaQUAs2Mc,LUNA,Terra,#000000,https://cdn.coinranking.com/F-PJdF8Um/LUNA.svg,30422756437,86.30444996,1565957940,1,1.92,9,83.79519617,FALSE,https://coinranking.com/coin/AaQUAs2Mc+terra-luna,1764199008,0.002101505
222,AaQUAs2Mc,LUNA,Terra,#000000,https://cdn.coinranking.com/F-PJdF8Um/LUNA.svg,30422756437,86.30444996,1565957940,1,1.92,9,84.36862949,FALSE,https://coinranking.com/coin/AaQUAs2Mc+terra-luna,1764199008,0.002101505
223,AaQUAs2Mc,LUNA,Terra,#000000,https://cdn.coinranking.com/F-PJdF8Um/LUNA.svg,30422756437,86.30444996,1565957940,1,1.92,9,84.38630077,FALSE,https://coinranking.com/coin/AaQUAs2Mc+terra-luna,1764199008,0.002101505
224,AaQUAs2Mc,LUNA,Terra,#000000,https://cdn.coinranking.com/F-PJdF8Um/LUNA.svg,30422756437,86.30444996,1565957940,1,1.92,9,83.16643938,FALSE,https://coinranking.com/coin/AaQUAs2Mc+terra-luna,1764199008,0.002101505
225,AaQUAs2Mc,LUNA,Terra,#000000,https://cdn.coinranking.com/F-PJdF8Um/LUNA.svg,30422756437,86.30444996,1565957940,1,1.92,9,83.85906209,FALSE,https://coinranking.com/coin/AaQUAs2Mc+terra-luna,1764199008,0.002101505
226,AaQUAs2Mc,LUNA,Terra,#000000,https://cdn.coinranking.com/F-PJdF8Um/LUNA.svg,30422756437,86.30444996,1565957940,1,1.92,9,85.06113828,FALSE,https://coinranking.com/coin/AaQUAs2Mc+terra-luna,1764199008,0.002101505
227,AaQUAs2Mc,LUNA,Terra,#000000,https://cdn.coinranking.com/F-PJdF8Um/LUNA.svg,30422756437,86.30444996,1565957940,1,1.92,9,85.09826781,FALSE,https://coinranking.com/coin/AaQUAs2Mc+terra-luna,1764199008,0.002101505
228,AaQUAs2Mc,LUNA,Terra,#000000,https://cdn.coinranking.com/F-PJdF8Um/LUNA.svg,30422756437,86.30444996,1565957940,1,1.92,9,85.3357761,FALSE,https://coinranking.com/coin/AaQUAs2Mc+terra-luna,1764199008,0.002101505
229,AaQUAs2Mc,LUNA,Terra,#000000,https://cdn.coinranking.com/F-PJdF8Um/LUNA.svg,30422756437,86.30444996,1565957940,1,1.92,9,85.97664135,FALSE,https://coinranking.com/coin/AaQUAs2Mc+terra-luna,1764199008,0.002101505
230,AaQUAs2Mc,LUNA,Terra,#000000,https://cdn.coinranking.com/F-PJdF8Um/LUNA.svg,30422756437,86.30444996,1565957940,1,1.92,9,85.48007068,FALSE,https://coinranking.com/coin/AaQUAs2Mc+terra-luna,1764199008,0.002101505
231,AaQUAs2Mc,LUNA,Terra,#000000,https://cdn.coinranking.com/F-PJdF8Um/LUNA.svg,30422756437,86.30444996,1565957940,1,1.92,9,85.46936479,FALSE,https://coinranking.com/coin/AaQUAs2Mc+terra-luna,1764199008,0.002101505
232,AaQUAs2Mc,LUNA,Terra,#000000,https://cdn.coinranking.com/F-PJdF8Um/LUNA.svg,30422756437,86.30444996,1565957940,1,1.92,9,85.38893585,FALSE,https://coinranking.com/coin/AaQUAs2Mc+terra-luna,1764199008,0.002101505
233,AaQUAs2Mc,LUNA,Terra,#000000,https://cdn.coinranking.com/F-PJdF8Um/LUNA.svg,30422756437,86.30444996,1565957940,1,1.92,9,84.97958672,FALSE,https://coinranking.com/coin/AaQUAs2Mc+terra-luna,1764199008,0.002101505
234,AaQUAs2Mc,LUNA,Terra,#000000,https://cdn.coinranking.com/F-PJdF8Um/LUNA.svg,30422756437,86.30444996,1565957940,1,1.92,9,84.2209601,FALSE,https://coinranking.com/coin/AaQUAs2Mc+terra-luna,1764199008,0.002101505
235,AaQUAs2Mc,LUNA,Terra,#000000,https://cdn.coinranking.com/F-PJdF8Um/LUNA.svg,30422756437,86.30444996,1565957940,1,1.92,9,83.76776496,FALSE,https://coinranking.com/coin/AaQUAs2Mc+terra-luna,1764199008,0.002101505
236,AaQUAs2Mc,LUNA,Terra,#000000,https://cdn.coinranking.com/F-PJdF8Um/LUNA.svg,30422756437,86.30444996,1565957940,1,1.92,9,84.06089761,FALSE,https://coinranking.com/coin/AaQUAs2Mc+terra-luna,1764199008,0.002101505
237,AaQUAs2Mc,LUNA,Terra,#000000,https://cdn.coinranking.com/F-PJdF8Um/LUNA.svg,30422756437,86.30444996,1565957940,1,1.92,9,86.43340429,FALSE,https://coinranking.com/coin/AaQUAs2Mc+terra-luna,1764199008,0.002101505
238,AaQUAs2Mc,LUNA,Terra,#000000,https://cdn.coinranking.com/F-PJdF8Um/LUNA.svg,30422756437,86.30444996,1565957940,1,1.92,9,86.70809878,FALSE,https://coinranking.com/coin/AaQUAs2Mc+terra-luna,1764199008,0.002101505
239,AaQUAs2Mc,LUNA,Terra,#000000,https://cdn.coinranking.com/F-PJdF8Um/LUNA.svg,30422756437,86.30444996,1565957940,1,1.92,9,87.58910972,FALSE,https://coinranking.com/coin/AaQUAs2Mc+terra-luna,1764199008,0.002101505
240,AaQUAs2Mc,LUNA,Terra,#000000,https://cdn.coinranking.com/F-PJdF8Um/LUNA.svg,30422756437,86.30444996,1565957940,1,1.92,9,87.00139679,FALSE,https://coinranking.com/coin/AaQUAs2Mc+terra-luna,1764199008,0.002101505
241,AaQUAs2Mc,LUNA,Terra,#000000,https://cdn.coinranking.com/F-PJdF8Um/LUNA.svg,30422756437,86.30444996,1565957940,1,1.92,9,86.44901497,FALSE,https://coinranking.com/coin/AaQUAs2Mc+terra-luna,1764199008,0.002101505
242,AaQUAs2Mc,LUNA,Terra,#000000,https://cdn.coinranking.com/F-PJdF8Um/LUNA.svg,30422756437,86.30444996,1565957940,1,1.92,9,86.30444996,FALSE,https://coinranking.com/coin/AaQUAs2Mc+terra-luna,1764199008,0.002101505
243,qzawljRxB5bYu,ADA,Cardano,#3cc8c8,https://cdn.coinranking.com/ryY28nXhW/ada.svg,30048172402,0.965791471,1506902400,1,1.3,10,0.953410421,FALSE,https://coinranking.com/coin/qzawljRxB5bYu+cardano-ada,811525490,2.35169E-05
244,qzawljRxB5bYu,ADA,Cardano,#3cc8c8,https://cdn.coinranking.com/ryY28nXhW/ada.svg,30048172402,0.965791471,1506902400,1,1.3,10,0.943268223,FALSE,https://coinranking.com/coin/qzawljRxB5bYu+cardano-ada,811525490,2.35169E-05
245,qzawljRxB5bYu,ADA,Cardano,#3cc8c8,https://cdn.coinranking.com/ryY28nXhW/ada.svg,30048172402,0.965791471,1506902400,1,1.3,10,0.93635949,FALSE,https://coinranking.com/coin/qzawljRxB5bYu+cardano-ada,811525490,2.35169E-05
246,qzawljRxB5bYu,ADA,Cardano,#3cc8c8,https://cdn.coinranking.com/ryY28nXhW/ada.svg,30048172402,0.965791471,1506902400,1,1.3,10,0.938485156,FALSE,https://coinranking.com/coin/qzawljRxB5bYu+cardano-ada,811525490,2.35169E-05
247,qzawljRxB5bYu,ADA,Cardano,#3cc8c8,https://cdn.coinranking.com/ryY28nXhW/ada.svg,30048172402,0.965791471,1506902400,1,1.3,10,0.942957511,FALSE,https://coinranking.com/coin/qzawljRxB5bYu+cardano-ada,811525490,2.35169E-05
248,qzawljRxB5bYu,ADA,Cardano,#3cc8c8,https://cdn.coinranking.com/ryY28nXhW/ada.svg,30048172402,0.965791471,1506902400,1,1.3,10,0.946186136,FALSE,https://coinranking.com/coin/qzawljRxB5bYu+cardano-ada,811525490,2.35169E-05
249,qzawljRxB5bYu,ADA,Cardano,#3cc8c8,https://cdn.coinranking.com/ryY28nXhW/ada.svg,30048172402,0.965791471,1506902400,1,1.3,10,0.955522629,FALSE,https://coinranking.com/coin/qzawljRxB5bYu+cardano-ada,811525490,2.35169E-05
250,qzawljRxB5bYu,ADA,Cardano,#3cc8c8,https://cdn.coinranking.com/ryY28nXhW/ada.svg,30048172402,0.965791471,1506902400,1,1.3,10,0.955548177,FALSE,https://coinranking.com/coin/qzawljRxB5bYu+cardano-ada,811525490,2.35169E-05
251,qzawljRxB5bYu,ADA,Cardano,#3cc8c8,https://cdn.coinranking.com/ryY28nXhW/ada.svg,30048172402,0.965791471,1506902400,1,1.3,10,0.948706294,FALSE,https://coinranking.com/coin/qzawljRxB5bYu+cardano-ada,811525490,2.35169E-05
252,qzawljRxB5bYu,ADA,Cardano,#3cc8c8,https://cdn.coinranking.com/ryY28nXhW/ada.svg,30048172402,0.965791471,1506902400,1,1.3,10,0.950698208,FALSE,https://coinranking.com/coin/qzawljRxB5bYu+cardano-ada,811525490,2.35169E-05
253,qzawljRxB5bYu,ADA,Cardano,#3cc8c8,https://cdn.coinranking.com/ryY28nXhW/ada.svg,30048172402,0.965791471,1506902400,1,1.3,10,0.955899438,FALSE,https://coinranking.com/coin/qzawljRxB5bYu+cardano-ada,811525490,2.35169E-05
254,qzawljRxB5bYu,ADA,Cardano,#3cc8c8,https://cdn.coinranking.com/ryY28nXhW/ada.svg,30048172402,0.965791471,1506902400,1,1.3,10,0.954490181,FALSE,https://coinranking.com/coin/qzawljRxB5bYu+cardano-ada,811525490,2.35169E-05
255,qzawljRxB5bYu,ADA,Cardano,#3cc8c8,https://cdn.coinranking.com/ryY28nXhW/ada.svg,30048172402,0.965791471,1506902400,1,1.3,10,0.957790188,FALSE,https://coinranking.com/coin/qzawljRxB5bYu+cardano-ada,811525490,2.35169E-05
256,qzawljRxB5bYu,ADA,Cardano,#3cc8c8,https://cdn.coinranking.com/ryY28nXhW/ada.svg,30048172402,0.965791471,1506902400,1,1.3,10,0.960513232,FALSE,https://coinranking.com/coin/qzawljRxB5bYu+cardano-ada,811525490,2.35169E-05
257,qzawljRxB5bYu,ADA,Cardano,#3cc8c8,https://cdn.coinranking.com/ryY28nXhW/ada.svg,30048172402,0.965791471,1506902400,1,1.3,10,0.95862995,FALSE,https://coinranking.com/coin/qzawljRxB5bYu+cardano-ada,811525490,2.35169E-05
258,qzawljRxB5bYu,ADA,Cardano,#3cc8c8,https://cdn.coinranking.com/ryY28nXhW/ada.svg,30048172402,0.965791471,1506902400,1,1.3,10,0.958523653,FALSE,https://coinranking.com/coin/qzawljRxB5bYu+cardano-ada,811525490,2.35169E-05
259,qzawljRxB5bYu,ADA,Cardano,#3cc8c8,https://cdn.coinranking.com/ryY28nXhW/ada.svg,30048172402,0.965791471,1506902400,1,1.3,10,0.957063178,FALSE,https://coinranking.com/coin/qzawljRxB5bYu+cardano-ada,811525490,2.35169E-05
260,qzawljRxB5bYu,ADA,Cardano,#3cc8c8,https://cdn.coinranking.com/ryY28nXhW/ada.svg,30048172402,0.965791471,1506902400,1,1.3,10,0.953485826,FALSE,https://coinranking.com/coin/qzawljRxB5bYu+cardano-ada,811525490,2.35169E-05
261,qzawljRxB5bYu,ADA,Cardano,#3cc8c8,https://cdn.coinranking.com/ryY28nXhW/ada.svg,30048172402,0.965791471,1506902400,1,1.3,10,0.945588188,FALSE,https://coinranking.com/coin/qzawljRxB5bYu+cardano-ada,811525490,2.35169E-05
262,qzawljRxB5bYu,ADA,Cardano,#3cc8c8,https://cdn.coinranking.com/ryY28nXhW/ada.svg,30048172402,0.965791471,1506902400,1,1.3,10,0.943073225,FALSE,https://coinranking.com/coin/qzawljRxB5bYu+cardano-ada,811525490,2.35169E-05
263,qzawljRxB5bYu,ADA,Cardano,#3cc8c8,https://cdn.coinranking.com/ryY28nXhW/ada.svg,30048172402,0.965791471,1506902400,1,1.3,10,0.940699983,FALSE,https://coinranking.com/coin/qzawljRxB5bYu+cardano-ada,811525490,2.35169E-05
264,qzawljRxB5bYu,ADA,Cardano,#3cc8c8,https://cdn.coinranking.com/ryY28nXhW/ada.svg,30048172402,0.965791471,1506902400,1,1.3,10,0.959328946,FALSE,https://coinranking.com/coin/qzawljRxB5bYu+cardano-ada,811525490,2.35169E-05
265,qzawljRxB5bYu,ADA,Cardano,#3cc8c8,https://cdn.coinranking.com/ryY28nXhW/ada.svg,30048172402,0.965791471,1506902400,1,1.3,10,0.96513116,FALSE,https://coinranking.com/coin/qzawljRxB5bYu+cardano-ada,811525490,2.35169E-05
266,qzawljRxB5bYu,ADA,Cardano,#3cc8c8,https://cdn.coinranking.com/ryY28nXhW/ada.svg,30048172402,0.965791471,1506902400,1,1.3,10,0.974786284,FALSE,https://coinranking.com/coin/qzawljRxB5bYu+cardano-ada,811525490,2.35169E-05
267,qzawljRxB5bYu,ADA,Cardano,#3cc8c8,https://cdn.coinranking.com/ryY28nXhW/ada.svg,30048172402,0.965791471,1506902400,1,1.3,10,0.967756891,FALSE,https://coinranking.com/coin/qzawljRxB5bYu+cardano-ada,811525490,2.35169E-05
268,qzawljRxB5bYu,ADA,Cardano,#3cc8c8,https://cdn.coinranking.com/ryY28nXhW/ada.svg,30048172402,0.965791471,1506902400,1,1.3,10,0.964851009,FALSE,https://coinranking.com/coin/qzawljRxB5bYu+cardano-ada,811525490,2.35169E-05
269,qzawljRxB5bYu,ADA,Cardano,#3cc8c8,https://cdn.coinranking.com/ryY28nXhW/ada.svg,30048172402,0.965791471,1506902400,1,1.3,10,0.965791471,FALSE,https://coinranking.com/coin/qzawljRxB5bYu+cardano-ada,811525490,2.35169E-05